acg	agc	2
0/000	1/010	2/010	3/010
1/100	0/001	1/010	2/010
2/100	1/100	1/001	1/001
3/100	2/100	1/001	2/111
bcacd	dbadad	4
0/000	1/010	2/010	3/010	4/010	5/010	6/010
1/100	1/001	1/001	2/010	3/010	4/010	5/010
2/100	2/101	2/101	2/001	3/011	4/011	5/011
3/100	3/101	3/101	2/001	3/011	3/001	4/010
4/100	4/101	4/101	3/100	3/001	4/111	4/001
5/100	4/001	5/111	4/100	3/001	4/011	4/001
agatctca	aacagactc	5
0/000	1/010	2/010	3/010	4/010	5/010	6/010	7/010	8/010	9/010
1/100	0/001	1/011	2/010	3/011	4/010	5/011	6/010	7/010	8/010
2/100	1/100	1/001	2/011	3/011	3/001	4/010	5/010	6/010	7/010
3/100	2/101	1/001	2/011	2/001	3/010	3/001	4/010	5/010	6/010
4/100	3/100	2/100	2/001	3/111	3/001	4/111	4/001	4/001	5/010
5/100	4/100	3/100	2/001	3/011	4/111	4/001	4/001	5/111	4/001
6/100	5/100	4/100	3/100	3/001	4/011	5/111	5/101	4/001	5/110
7/100	6/100	5/100	4/101	4/101	4/001	5/011	5/001	5/100	4/001
8/100	7/101	6/101	5/100	4/001	5/111	4/001	5/010	6/111	5/100
